question,optionA,optionB,optionC,correctAnswer,explanation
"Which of the following investment approaches is most likely to be at risk of short-termism?","ESG investing", "Impact investing", "Conventional investing",C,"Conventional investing is most susceptible to short termism as it typically prioritizes short term financial gains over long term value creation and sustainability considerations"
"Which of the following types of responsible investment is focused on the bottom of the pyramid (BOP)?","Green bonds", "Microfinance bonds", "Funds investing in smart grid technology",B,"Microfinance bonds directly target bottom of pyramid BOP populations providing financial services and opportunities to underserved communities and aligning with social impact objectives"
"According to the Stockholm Resilience Centre the two core boundaries of the nine planetary boundaries are:","biosphere integrity and climate change.", "climate change and land system change.", "biosphere integrity and land system change.",A,"Biosphere integrity and climate change are identified as core planetary boundaries representing critical Earth system processes that if transgressed could lead to irreversible environmental changes"
"ESG integration can have a material financial impact on a company leading to:","reduced risk of fines.", "increased negative externalities.", "increased risk of state intervention.",A,"ESG integration can mitigate various risks including regulatory risks and reduced risk of fines by improving environmental and social performance and anticipating regulatory changes"
"Which of the following statements regarding externalities is most accurate?","Externalities occur due to environmental or social factors.", "When externalities are positive private costs are lower than societal costs.", "Internalization of externalities improves companiesâ€™ financial performance.",C,"Internalization of externalities through mechanisms like carbon pricing or regulations can improve companies financial performance by reflecting true social and environmental costs in market prices and incentives"
"In addition to the payment of dues and reporting annually on their responsible investment practices which of the following is a minimum requirement for signatories to the Principles of Responsible Investment (PRI)? Members must:","be active owners in the companies in which they are invested.", "seek appropriate disclosure on ESG issues by the investee companies.", "have senior level commitment for responsible investment implementation.",C,"Senior level commitment and accountability mechanisms for responsible investment implementation is a minimum requirement for PRI signatories demonstrating organizational commitment to responsible investment principles"
"Which of the following organizations developed the Model Mandate Initiative?","Principles for Responsible Investment (PRI)", "International Corporate Governance Network (ICGN)", "University of Cambridge Institute for Sustainability Leadership",B,"The International Corporate Governance Network ICGN developed the Model Mandate Initiative providing guidance and model contract terms for asset owners to incorporate ESG factors into investment mandates"
"Which type of responsible investment strategy is most aligned with the concept of 'doing well by doing good' and generating positive social and environmental impact alongside financial returns?", "Exclusionary screening", "Thematic investment", "Impact investing",C,"Impact investing strategies are specifically designed to generate positive measurable social and environmental impact alongside financial returns aligning financial and social environmental objectives"
"What is the primary focus of 'ethical or values-driven investment' approaches within responsible investment?", "Maximizing risk adjusted returns while adhering to ethical principles", "Excluding investments in companies or sectors deemed to be inconsistent with specific ethical or religious values", "Integrating ESG factors into mainstream financial analysis to enhance risk adjusted returns",B,"Ethical or values driven investment primarily focuses on excluding investments in companies or sectors that are deemed to be inconsistent with specific ethical or religious values reflecting investor values"
"Which of the following best describes the 'triple bottom line' (TBL) accounting framework in the context of corporate sustainability?","A financial accounting framework focused solely on measuring economic profitability", "An accounting framework that expands beyond financial profit to include social and environmental performance dimensions", "A regulatory reporting framework mandating ESG disclosure for publicly listed companies",B,"TBL accounting expands beyond traditional financial accounting to include social and environmental performance dimensions reflecting a broader view of corporate sustainability and impact"
"What is the primary distinction between 'responsible investment' and 'conventional investment' approaches according to Chapter 1?", "Responsible investment solely focuses on ethical and moral considerations while conventional investment prioritizes financial returns", "Responsible investment explicitly incorporates ESG factors into investment decisions while conventional investment primarily focuses on financial factors", "Responsible investment always underperforms conventional investment in terms of financial returns",B,"Responsible investment explicitly incorporates ESG factors into investment decisions alongside traditional financial factors while conventional investment primarily focuses on financial factors without explicit ESG considerations"
"Which of the following is NOT considered a key element of ESG factors as defined in Chapter 1?", "Environmental factors", "Social factors", "Technological factors",C,"Technological factors are NOT explicitly defined as a core element of ESG factors which primarily encompass Environmental Social and Governance considerations"
"What does 'dynamic materiality' refer to in the context of ESG materiality and investment analysis?", "The static and unchanging nature of material ESG factors over time", "The evolving and changing nature of material ESG factors over time influenced by megatrends and external events", "The lack of materiality of ESG factors for long term investment performance",B,"Dynamic materiality recognizes that material ESG factors are not static but evolve and change over time influenced by megatrends external events and shifting societal expectations"
"According to Chapter 1 which of the following is a key benefit of ESG integration for companies and investors?", "Reduced regulatory compliance costs", "Improved risk management enhanced efficiency and productivity and better alignment with long term value creation", "Guaranteed outperformance relative to conventional investment strategies",B,"ESG integration offers key benefits including improved risk management enhanced efficiency and productivity better alignment with long term value creation and improved stakeholder relations"
"Which of the following is NOT identified as a 'global megatrend' influencing ESG considerations and investment decisions in Chapter 1?", "Climate change and resource scarcity", "Technological innovation and digital disruption", "Geopolitical instability and international conflicts",C,"Geopolitical instability and international conflicts are NOT explicitly identified as one of the four key global megatrends influencing ESG considerations in Chapter 1"
"What is the 'UN Global Compact' and what is its primary aim in promoting corporate sustainability?", "A legally binding international treaty for corporate sustainability", "A voluntary framework for businesses to align strategies and operations with universal principles on human rights labor environment and anti corruption", "A global certification scheme for sustainable products and services",B,"The UN Global Compact is a voluntary framework for businesses to align strategies and operations with ten universal principles covering human rights labor environment and anti corruption promoting corporate sustainability and responsible business practices"
"Which organization launched the 'Principles for Responsible Investment (PRI)' and what is its primary goal?", "The United Nations Environment Programme Finance Initiative (UNEP FI) in partnership with the UN Global Compact to promote responsible investment globally", "The World Economic Forum to promote sustainable development and corporate social responsibility", "The International Corporate Governance Network (ICGN) to promote corporate governance best practices",A,"The PRI was launched by the UNEP FI and the UN Global Compact to promote responsible investment globally providing a framework for investors to integrate ESG factors into investment practices"
"What is the 'Fiduciary Duty' and how does it relate to the integration of ESG factors in investment decision making?", "A legal obligation for financial advisors to recommend ESG investments to their clients", "A legal and ethical obligation for investors to act in the best financial interests of their beneficiaries which increasingly includes considering ESG factors", "A voluntary code of conduct for ethical investing and corporate social responsibility",B,"Fiduciary duty is a legal and ethical obligation for investors to act in the best financial interests of their beneficiaries and modern interpretations increasingly recognize that this duty includes considering financially material ESG factors"
"Which of the following best describes 'thematic investment' as a responsible investment approach?", "Excluding companies with poor ESG performance from investment portfolios", "Investing in companies and assets specifically aligned with particular sustainability themes or challenges", "Integrating ESG factors into traditional financial analysis to enhance risk adjusted returns",B,"Thematic investment involves constructing portfolios around specific sustainability themes or challenges such as clean energy water scarcity or social inclusion directing capital towards companies addressing these themes"
"What is the 'bottom of the pyramid (BOP)' and how does it relate to 'social investment' strategies?", "The wealthiest segment of the global population", "The poorest two thirds of the economic human pyramid representing underserved and low income communities", "The top performing companies in terms of ESG ratings and sustainability performance",B,"The bottom of the pyramid BOP refers to the poorest two thirds of the global population and social investment strategies often focus on addressing the needs and challenges of these underserved communities"
"Which of the following best describes 'green investment' as a subcategory of responsible investment?", "Investing in companies with high ESG ratings across all sectors", "Allocating capital to assets and projects specifically aimed at mitigating climate change and addressing environmental challenges", "Excluding companies involved in environmentally harmful activities such as fossil fuels and deforestation",B,"Green investment specifically targets investments in assets and projects that contribute to mitigating climate change biodiversity loss resource inefficiency and other environmental challenges promoting environmental sustainability"
"What is the 'UN Framework Convention on Climate Change (UNFCCC)' and what is its overarching goal?", "A legally binding treaty mandating carbon emission reduction targets for all countries", "An international environmental organization monitoring global climate change and promoting climate action", "An international treaty aiming to stabilize greenhouse gas concentrations and prevent dangerous anthropogenic interference with the climate system",C,"The UNFCCC is the overarching international treaty on climate change with the primary goal of stabilizing greenhouse gas concentrations in the atmosphere to prevent dangerous human interference with the climate system"
"What is the 'Kyoto Protocol' and what was its main limitation in addressing global climate change?", "A global agreement setting voluntary emission reduction targets for all countries", "The first international convention setting binding emission reduction targets but only for industrialized countries", "A framework for promoting climate change adaptation and resilience measures in developing countries",B,"The Kyoto Protocol was the first international convention setting binding emission reduction targets but its main limitation was that it only applied to industrialized countries not including major emitters like developing nations"
"What are 'investment mandates' and why are they relevant in the context of ESG investing and asset owner fund manager relationships?", "Legally binding contracts guaranteeing specific financial returns for asset owners", "Contracts between asset owners and asset managers outlining investment objectives guidelines and ESG integration expectations", "Voluntary codes of conduct for asset managers promoting ethical and responsible investment practices",B,"Investment mandates are contracts between asset owners and asset managers defining investment objectives guidelines and importantly outlining ESG integration expectations and stewardship responsibilities"
"According to Chapter 1 what is the 'economic perspective' on integrating ESG factors into investment decision making?", "ESG integration is primarily driven by ethical and moral considerations not economic factors", "Integrating ESG factors is economically beneficial as it can help mitigate risks enhance efficiency and improve long term financial performance", "Integrating ESG factors has a negative impact on financial returns and is detrimental to portfolio performance",B,"The economic perspective recognizes that ESG integration is economically beneficial as it can help investors mitigate risks enhance efficiency identify new opportunities and improve long term financial performance"
"Which of the following investment approaches is most likely to be at risk of short-termism?","ESG investing", "Impact investing", "Conventional investing",C,"Conventional investing is most susceptible to short termism as it typically prioritizes short term financial gains over long term value creation and sustainability considerations"
"Which of the following types of responsible investment is focused on the bottom of the pyramid (BOP)?","Green bonds", "Microfinance bonds", "Funds investing in smart grid technology",B,"Microfinance bonds directly target bottom of pyramid BOP populations providing financial services and opportunities to underserved communities and aligning with social impact objectives"
"According to the Stockholm Resilience Centre the two core boundaries of the nine planetary boundaries are:","biosphere integrity and climate change", "climate change and land system change", "biosphere integrity and land system change",A,"Biosphere integrity and climate change are identified as core planetary boundaries representing critical Earth system processes that if transgressed could lead to irreversible environmental changes"
"ESG integration can have a material financial impact on a company leading to:","reduced risk of fines", "increased negative externalities", "increased risk of state intervention",A,"ESG integration can mitigate various risks including reputational risk by systematically considering ESG factors in investment decisions leading to better risk adjusted returns"
"Which of the following statements regarding externalities is most accurate?","Externalities occur due to environmental or social factors", "When externalities are positive private costs are lower than societal costs", "Internalization of externalities improves companies financial performance",C,"Internalization of externalities through mechanisms like carbon pricing or regulations can improve companies financial performance by reflecting true social and environmental costs"
"In addition to the payment of dues and reporting annually on their responsible investment practices which of the following is a minimum requirement for signatories to the Principles for Responsible Investment (PRI)? Members must:","be active owners in the companies in which they are invested", "seek appropriate disclosure on ESG issues by the investee companies", "have senior level commitment for responsible investment implementation",C,"Senior level commitment and accountability mechanisms for responsible investment implementation is a minimum requirement for PRI signatories demonstrating organizational commitment"
"Which of the following organizations developed the Model Mandate Initiative?","Principles for Responsible Investment (PRI)", "International Corporate Governance Network (ICGN)", "University of Cambridge Institute for Sustainability Leadership",B,"The International Corporate Governance Network ICGN developed the Model Mandate Initiative to guide asset owners in creating effective ESG integrated investment mandates"
"Which type of responsible investment strategy is most aligned with the concept of 'doing well by doing good' and generating positive social and environmental impact alongside financial returns?", "Exclusionary screening", "Thematic investment", "Impact investing",C,"Impact investing strategies aim to generate positive and measurable social and environmental impact alongside financial returns directly addressing sustainability challenges"
"Which of the following is a typical example of 'universal exclusions' in responsible investment strategies?", "Exclusion of companies with poor ESG ratings", "Exclusion of companies involved in controversial weapons", "Exclusion of companies not aligned with specific sustainability themes",B,"Universal exclusions such as exclusions of controversial weapons are widely accepted norms in responsible investment reflecting broad societal values"
"What is the primary goal of 'sustainable investment' as a broad category of responsible investment approaches?", "Maximizing financial returns while considering ESG factors", "Selecting assets that contribute to a sustainable economy minimizing resource depletion", "Excluding companies with poor ESG performance based on ethical criteria",B,"Sustainable investment broadly aims to select assets that contribute to a sustainable economy minimizing natural and social resource depletion and promoting long term sustainability"
"What is the 'Financial Stability Board (FSB)' and what is its relevance to the integration of ESG factors in the financial system?", "A regulatory body enforcing mandatory ESG disclosure standards globally", "An international body coordinating financial authorities and promoting financial stability including through addressing climate related risks", "A private sector initiative promoting voluntary ESG guidelines and best practices for financial institutions",B,"The Financial Stability Board FSB is an international body coordinating financial authorities and promoting financial stability including addressing systemic risks like climate change through ESG integration"
"How does 'ESG investing' primarily differ from 'socially responsible investment (SRI)' according to Chapter 1?", "ESG investing is a broader and more comprehensive approach encompassing environmental social and governance factors while SRI is more narrowly focused on social and ethical concerns", "SRI is a more quantitative and data driven approach while ESG investing is more qualitative and judgement based", "ESG investing is primarily focused on maximizing financial returns while SRI prioritizes social and environmental impact",A,"ESG investing is a broader more comprehensive approach encompassing environmental social and governance factors while SRI is often more narrowly focused on social and ethical considerations"
"What are 'planetary boundaries' and why are they relevant to ESG investing and sustainability?", "Legally binding environmental regulations set by international treaties", "Scientifically defined limits to Earth system processes that if transgressed could destabilize the planet's environment", "Voluntary corporate sustainability reporting frameworks and guidelines",B,"Planetary boundaries represent scientifically defined limits to Earth system processes defining a safe operating space for humanity and highlighting critical environmental thresholds for sustainability"
"What is the 'triple bottom line (TBL)' framework and what are its three key dimensions of corporate performance?", "Financial Environmental and Governance", "Economic Environmental and Social", "Profit Planet and People",C,"The triple bottom line TBL framework expands corporate performance measurement beyond financial profit to include environmental planet and social people dimensions reflecting a broader sustainability perspective"
"What is the 'Principles for Responsible Investment (PRI)' and what is its primary function?", "A legally binding regulatory framework for responsible investment", "A UN supported international network of investors promoting responsible investment through voluntary principles and best practices", "A certification scheme for ESG themed investment funds and products",B,"The PRI is a UN supported international network of investors promoting responsible investment through voluntary principles and providing guidance and resources for ESG integration and stewardship"
"What is the 'business case' for ESG integration and why are investors increasingly adopting ESG approaches?", "Purely ethical and moral considerations without financial benefits", "Growing evidence that ESG integration can help mitigate risks enhance efficiency and improve long term financial performance", "Regulatory mandates and compliance requirements are the sole drivers of ESG integration",B,"The business case for ESG integration is supported by growing evidence that considering ESG factors can help investors mitigate risks enhance efficiency and improve long term financial performance aligning financial and sustainability objectives"
"Which of the following best describes 'impact investing' as a responsible investment approach?", "Excluding companies with negative social or environmental impacts from investment portfolios", "Investing in companies and assets specifically intended to generate positive measurable social or environmental impact alongside financial returns", "Integrating ESG factors into traditional financial analysis to enhance risk adjusted returns",B,"Impact investing is characterized by the intentional generation of positive measurable social and environmental impact alongside financial returns representing a dual bottom line approach"
"What is the 'long termism' perspective in investment practice and why is it relevant to ESG investing?", "Focusing solely on short term financial gains and quarterly performance metrics", "Adopting a long term investment horizon and considering long term value creation and sustainability factors beyond short term price movements", "Ignoring ESG factors and prioritizing short term profitability and shareholder returns above all else",B,"Long termism emphasizes a long term investment horizon considering long term value creation and sustainability factors aligning with the long term nature of ESG issues and impacts"
"Which of the following best describes 'negative screening' or 'exclusionary screening' in responsible investment?", "Overweighting companies with high ESG ratings in a portfolio", "Excluding certain sectors or companies from a portfolio based on predefined ethical or values based criteria", "Actively engaging with companies to improve their ESG performance and practices",B,"Negative screening involves excluding specific companies or sectors from a portfolio based on predefined ethical or values based criteria reflecting investor values and moral considerations"
"What is the 'Fairtrade Labeling Organizations International' and its relevance to ESG considerations?", "A proxy advisory firm providing voting recommendations on social and ethical shareholder resolutions", "A certification and labeling organization promoting fair trade practices and ethical sourcing of commodities and products", "An investor initiative focused on
